Monday	Tiuesday	Wednesday	Thursday	Friday	Saturday
Week 1					
				Bench @ 45 12345-8	Lateral Raise
				Incline Bench @ 45 12-8 345-6	Curl Machine
				Butterfly @100 12-8 345-10	Tricep Machine
				Decline Bench @45 123-8 45-6	Hammer Curls @ 30
					superset
					Single Overhead Ext @ 30
					
					
Week 2					
Seated Shoulder Press @25 1234-8	Leg Ext @120 1234-8	Lat Pulldown @100 1234-8	Butterfly @130 12345-8	Curl M @41kg 1234-10	Rear Delt @50 123456-8
Superset	Leg Curl @60 1234-8	Reat Delt @40 12345-8	Bench @ 45 12345-8	Tricep M 1@120-18 2345@130-10	Ab Twist @110 123456-10
Shrugs @45 1234-12	Leg Press @180 1234-6	V Bar Row 1@110 23@120-8 4@130-8 5@140-8	Incline Bench @ 45 12-8 3-7 4-6 5-5	Ab M @120 1234-12	Ab M @110 123456-15
Lateral Raise Machine @50 1234-12	Hip Thrust @112 1234-8	Straight bar pulldown @110 1234-8	Decline Bench @45 12-8 34-7 5-6	Hammer Curls @30 12345-8	
Front DB Raise @20 1234-10	Abs @110 1234-15	Low Row @70 1234-8		Superset	
superset		Ab Twist @100 1234-10		Ind Tricep Ext @30 12345-8	
DB Shoulder Press @20 12-12 34-8				Wide DB Curl @20 12-10 34-8	
Ab Machine @100 1234-15				Superset	
				Db Ext @60 1234-8	
					
Week 3					
Shoulder Press @25 12-9 34-8	Leg curl @70 1234-8	Rear delt @60 1234-10		Butterfly @140 1-8 234-7	Hammer curls @30 1234-8
Superset	Leg press @180 1234-8	V bar row @140 1234-8		Incline bench @45 1234-8	Superset
Shrugs @45 123456-12	Leg ext @150 1234-8	Straight bar pulldown @120 1234-8		Ab M @130 1234-15	Ind Db ext @30 1234-10
Lateral Raise M @60 1234-12	Hip thrust @112 1-10 234-8	Ab twist @130 1234-10		Decline bench @45 1234-8	Wide curl @20 1234-10
Front DB Raise @20 1234-10	Ab twist @120 1234-10	Lat pulldown @110 1234-8		Bench @45 123-8 4-7	Superset
Superset		Low row @90 1234-6			Db ext @60 12-10
DB Press @20 1234-10					
Ab M @120 12-15 34-12					
					
Week 4					
					
Shoulder press @25 12-8 34-9	Tired day, feeling off	Lat pulldown @130 1238-8	Ab twist @140 1234-10	Hammer curls @30 1234-10	
Superset	Leg ext @160 1234-8	Rear delt @70 1234-10	Low cable fly 1@25-12 2@30-10 34@35-8	Superset	
Shrug @45 1234-15	Leg curl @80 12-8 3-7 4-6	V bar row @150 1234-8	Bench @45 12-10 34-8	Ind Db ext @30 1234-12	
Lat Raise M @12 123456-15	Leg press @180 1234-8	Straight bar pulldown @130 1234-8	Butterfly @140 1234-8	Wide Db curl @25 1234-10	
Front Db Raise @25 1234-8		Low row @90 1234-7	Incline bench @45 1234-8	Superset	
Superset		Ab twist @130 1234-10		Db ext @65 12-10	
Db press @25 18-8					
					
Week 5					
					
Shoulder press 12@25-10 34@30-	Leg ext @170 12345-8	Lat Pulldown 1@140-5 234@130-8	Butterfly @150 1234-8	Ab twist @140 1234-12	
Superset	Leg curl @80 12345-8	Rear Delt @80 1234-10	Bench @45 1234-10	Curl machine @41kg 12-12 3-10 4-8	
Shrug @45 1234-15	Leg press @180 12345-8	V bar row @150 1234-8	Incline bench @42 12-10 34-9	Dip M @130 1234-10	
Lat Raise M @80 12-12	Hip Thrust @112 12345-8	Straight Bar pulldown @140 1234-8	Decline bench 45 12-10 34-9	Straight bar ext @80 1234-12	
Front Db Raise @27.5 1234-8		Low Row @90	Low cable fly 1@35-10 234@40-8	Straight bar curl @60 1234-12	
Superset		Ab Twist @150	High cable fly 1@40-15 234@50-10		
Db press @27.5 1234-10					
					
Week 6					
					
Shoulder press @30 1234-7	Leg curl 1@90-4 234@80-7	Lat pulldown @130 1234-8			
Superset	Leg ext @170 12345-10	V bar row @150 1234-10			
Shrug @45 1234-15	Leg press @180 12345-8				
Lat Raise M @80 1234-10					
Ab twist @150 1234-10					
Front Db Raise @27.5 1234-8					
Superset					
Db press @27.5 12-12					
					
Week 7					
					
Shoulder press @35 1234-6	Leg ext @170 12345-10	Lat pulldown @130 1234-8	High cable fly 1234@50-10		
Superset	Leg curl 1@80-6 2345@70-8	Rear delt @80 1234-10	Low cable fly 1234@40-8		
Shrug @45 1234-15	Inclined Leg Press @180 12345-6	V bar row @150 1234-10	Bench 1234@45-10		
Lat Raise M @80 1234-12		Straight bar pulldown @140 1234-10	Incline bench 1234@45-8		
			Decline bench 1234@45-8		
					
Week 8					
					
Ab twist @150 1234-10	Leg ext @180 1234-8	Lat pulldown @130 1234-8	Butterfly @100 1-12345-8	Curl M @41kg 12345-12	
Lat Raise M @80 1234-12	Leg curl @70 12345-8	Rear delt @85 1234-8	Bench @45 1234-10	Dip M 12@140-10 34@150-8	
Shoulder press @30 12-7 34-6	Hip Thrust @112 1234-8	V bar row @150 1234-10		Ab M @120 1-15 234-12	
Superset		Straight bar pulldown @140 1234-10		Hammer curls @35 1-8	
Shrug @45 12345-15				Superset	
Front Db Raise @25 1234-8				Ind Db ext @35 1-8 2-6	
Superset					
Db press @25 1-12 2-10 3-8					
					
Week 9					
					
Shoulder press @35 12-7 3-6 4-5	Ab twist @140 1234-10	Lat pulldown @130 1234-10	Butterfly @110 1234-10	Curl M @41kg 12-15 34-12	
Superset	Hip thrust @112 1234-10	V bar row @150 1234-10	Bench @45 1234-10	High cable fly @50 1234-12	
Shrug 12345-15	Calf M @35 1234-15	Low row @90 1234-8	Incline bench @45 1234-8	Low cable fly @40 1234-10	
Lat Raise M @85 1-12 234-10	Leg ext @180 12345-8				
Front Db Raise @25					
Superset					
Db press @25 1234-8					
					
Week 10					
					
Shoulder press @35	Leg press @180 1234-8	Lat pulldown @130 1234-10	High Cable fly @50 1234-15	Dip M @150 1234-10	
Superset	Hip thrust @112 1234-10	Rear delt @90 12-10 34-8	Low cable fly @40 1234-10	Curl M @45kg 1234-12	
Shrug @45 1234-15		V bar row @150 1234-10	Butterfly @110 1234-10	Hammer curl @30 1234-18	
Lat Raise M @85 1234-10			Bench @45 1234-10	Superset	
				Ind Db ext @25 1234-12	
Week 11					
					
Lateral raise M @85 1234-10	Leg ext @180 1234-10	Plate Lat pulldown @70 1234-8	Butterfly 1234@120-8 5@130-8	Curl M @50kg 1234-8	
Shoulder press @35	Hip thrust @142 1234-8	Rear delt @90 1234-10	Bench @45 1234-10	Dip M @150 1234-12	
Superset	Ind leg curl @10 1234-8	Straight bar pulldown @140 12-10 34-8		Straight bar ext @90 12-12 34-10	
Shrug @45 1234-15				Straight bar curl 1@50-15 234@60-12	
				Ab twist @140 1234-12	
					
Week 12					
					
Shoulder press @35 1234-8	Leg press @180 1234-8	Plate Lat pulldown @70 1234-10	Butterfly @130 1234-8	Curl M @50kg 12345-10	
Superset	Hip thrust @157 1234-8	Rear delt @100 1234-8	High cable fly @60 1234-40	Dip M @150 1-12	
Shrug @45 1234-15		V bar row @150 1234-8	Low cable fly @45 1234-10		
Lateral raise M @80 1-12			Bench @45 12-12 34-10		
					
Week 13					
					
Shoulder press @35 12-8 34-6	Leg ext @180 1234-8	Plate Lat pulldown @70 1234-8	Butterfly @130 1234-8		
Superset 	Leg curl @70 1234-8	Rear delt @100 1234-8	Bench @45 12345-10		
Shrug @45 1234-15	Leg press @180 1234-8	V bar row @150 1234-8	Incline bench @45		
Front Db Raise @20 1234-10	Hip thrust @157 1234-8	Plate low row @70 1234-8			
Superset					
Db press @25 123-12 4-10					
Lat Raise M @60 1234-12					
					
Week 14					
					
Shoulder press @35 1234-8	Leg ext @180 1234-10	Plate Lat pulldown @70 1234-10	Bench @45 12-12 34-10		
Superset	Leg curl @70 1234-8	Rear delt @100 1234-10	Incline bench @45 1234-10		
Shrug @45 1234-15	Leg Press @180 123456-8	V bar row @150 1234-10	Butterfly @130 1234-10		
Lat Raise M @70 1234-15		Low row @70 1234-10	High cable fly @60 1-12 234-10		
Front Db Raise @20 1234-12			Low cable fly @45 1-10 234-8		
Superset					
DB Press @25 1234-10					
					
Week 15					
					
Lat Raise M @70 1234-15	Leg ext @190 1234-10	Plate Lat pulldown @70 12345-8	Butterfly @140 1234-10	Curl M @70kg 12345-15	
Shoulder Press @35 1234-8	Leg curl @70 1234-10	Rear delt @100 1234-10	Bench @45 123-12 4-10	Dip M @150 12345-15	
Superset	Angled leg press @135 1234-10	V bar row @150 1234-10	Incline bench @45 1234-10	Hammer curl @30	
Shrug @45 1234-17			High cable fly @60 	Superset	
				Db ext @60 1-10	
Week 16					
					
Shoulder press @35 1234-8	Leg ext @190 1234-10	Rear delt @100 1234-10	High cable fly @60 1234-12		
Shrug @45 1234-15		Plate Lat pulldown @55 1234-10	Low cable fly @45 1234-10		
Lat Raise M @75 1-15 234-12					
					
Week 17					
					
Shoulder press @35 1234-8	Leg press @135 1234-8	Plate Lat pulldown @70 1234-8	Butterfly @145 1234-10		
Shrug @45 1234-17	Leg curl @70 1234-10	Rear delt @100 1-10			
Front Db Raise @20 1234-10	Leg ext @190	V bar row @150 1234-8			
Superset		Straight bar pulldown @140 1234-10			
Db press @25 1234-12					
					
Week 18					
					
Lat Raise M @75 12-15 34-12	Leg press @180 12345-6	Plate Lat pulldown @45 1234-15	Butterfly @90 12-15 34-10		
Front Db Raise @20 1234-12	Leg ext @190 12345-8	Low row @45 1234-15			
Superset		Straight bar pulldown @90  12-15 34-12			
Db press @25 1234-12		Rear delt @60 1-12			
					
Week 19					
					
Shoulder press @20 1234-12	Leg press @135 12345-10	Plate Lat pulldown @45 12345-15	Butterfly @90 1234-12		
Shrug @45 12-20 34-15	Leg ext @120 1-	Low row @45 12345-15	Bench @45 1234-10		
		Straight bar pulldown @80 1234-15 5-10			
		V bar row @100 12345-12			
		Rear delt @60 12345-12			
Week 20					
					
Shoulder press @20 123-15 4-12	Leg ext @120 123456-12	Rear delt @60 12345-15			
Shrug @45 123-20 4-15	Leg curl @60 123456-12	Plate Lat pulldown @45 12345-15	Bench @45 12345-15		
Lat Raise @75 1234-12	Ab twist @90 1234-12	Low row @45 12345-15	Butterfly @90 12345-15		
	Leg press @135	Straight bar pulldown @80 1-15 2345-12	Incline bench @45 12345-8		
					
Week 21					
					
Shoulder press @25 1234-10	Shoulder press @25 1234-10				
Shrug @45 1234-20	Shrug @45 12345-20				
Lat Raise @70 1234-15	Lat Raise @70 1234-12				
					
Week 22					
					
Shoulder press @25 1234-10					
Shrug @45 1234-20					
Lat Raise @70 1-15					
					
Week 23					
					
Shoulder press @20 1234-10	Leg press @135 1234-6	Pulldown M @100 1234-10	Butterfly @90 1234-15		
Shrug @45 1234-20	Hip thrust @112 1234-10	Low row @45 1234-15	Bench @45 1234-10		
Lat Raise @70 1234-15	Leg ext @150 12345-8	V bar row @150 1234-8			
Db press @25 1234-40	Leg curl @50	Straight bar pulldown @80 1234-12			
Front Db Raise @15 1234-10					
					
Week 24					
					
Shoulder press @25 123-10 4-8	Leg press @135 1234-8	Pulldown M @120 1234-10	Butterfly @100 1234-12		
Shrug @45 123-20 4-15	Hip thrust @112 1234-10	Low row @45 1234-15	Bench @45		
Lat Raise @75 1234-12	Leg curl @50 1234-10	V bar row @150 1234-8			
Db press @25 1-12	Leg ext @150 1234-8	Straight bar pulldown @100 1234-12			
Front Db Raise @15 1-15					
					
Week 25					
					
Ab twist @120 123-12	Leg curl @50 1234-12	Butterfly @100 12-15 34-12			
Shoulder press @25 1234-10	Leg press @135 1234-8	Bench @45 1234-10			
Shrug @45 123-20 4-15	Hip thrust @112 1234-12	Incline bench @45 1234-8			
Db press @25 1-12 2-10 34-8		Decline bench @45 1-			
Front Db Raise @20 1234-10					
					
Week 26					
					
Shoulder press @25 1234-10	Leg ext @150 12345-10	Butterfly @110 12345-10	Pulldown Plate @70 1234-8	Curl M @36kg 12345-10	
Shrug @45 1234-20	Leg press @135 12345-8	Bench @12345-10	Low row @70 1234-8	Tricep M @140 12345-10	
Lat Raise M @70 1234-12	Hip thrust @112 12345-10	Incline @45 12345-10	V bar @150 1234-8	Lat Raise M @70 12345-12	
Front Db Raise @22.5 1-10		Decline @45 1-	Rear delt @70 1234-8	Hammer curl @25 12345-12	
Db press @25 1-12				Superset	
				Db ext @55 12345-12	
				Db wide curl @25 12345-8	
				Superset	
				Ind Db ext @25 12345-8	
Week. 27					
					
Shoulder press @25 1234-12	Leg curl @50 1234-12	Pulldown Plate @70 1234-10	Butterfly @110 1234-12	Tricep M @140 1234-12	
Shrug @45 1234-20	Leg press @135 1234-10	Low row @70 1234-10	Incline bench @45 1234-8	Curl M @36kg 1234-12	
Front Db Raise @25 1234-12	Hip thrust @127 1-10	V bar row @150 1234-10	Decline bench @45 1234-10	Plate curl @50 1234-12	
Db press @15 1234-15		Rear delt @70 1234-15	Bench @45 1234-10	Db hammer @25 1234-12	
				Db ext @25 1234-12	
					
Week. 28					
					
Shoulder press @25 1234-12	Leg press @135 1234-12	Rear delt @75 1234-15	Butterfly @110 1234-12	Curl M @36kg 1234-12	
Shrug @45 1234-20	Hip thrust @127 1234-10	Pulldown Plate @70 1234-10	Bench @45 1234-10	Tricep M @140 1234-12	
Lat Raise @70 1234-12	Leg curl @60 1234-10	Low row @70 1234-12	Incline bench @45 1234-8	Db hammer @25 1234-12	
Front Db Raise @15 1234-15		V bar row @170 1234-6	Decline bench @45 1234-10	Db ext @25 1234-12	
Db press @30 1234-12				Wide curl @20 1234-10	
				Db ext @60 1234-8	
Week 29					
					
Shoulder press @25 1234-12	Leg press 12@135-12 34@180-8	Pulldown Plate @70 1234-10	Bench @55 1234-8	Curl M @41kg 12345-12	
Shrug @45 1234-20	Hip thrust @142 1234-8	Low row @80 1234-10	Butterfly @120 1234-12	Tricep M @140 12345-12	
Lat Raise @70 1234-12	Leg curl @60 12345-8	V bar row @170 1234-6	Decline @45 1234-10	Hammer curl @25 12345-12	
Front Db Raise 12@15-15 34@20-	Leg ext @140 12345-8	Rear delt @60 1234-12	Incline @45 1234-10	Db ext @25 12345-12	
Db press @30 1234-12		Straight bar pulldown @110 1234-12		Wide curl @20 12345-10	
				Db ext @60 12345-8	
					
Week 30					
					
Shoulder press @35 1-8 234-7	Leg ext @140 12345-10	Pulldown Plate @70 1234-12	Butterfly @130 1234-10	Curl M @41kg 12-15 345-12	
Shrug @45 1234-20	Hip thrust @142 1234-10	Low row @80 12-12 34-10	Bench @55 1234-10	Tricep M @140 12345-15	
Lat Raise @70 1234-15	Leg press @180	V bar row @170 1234-7	Decline @45 1234-12	Hammer curl @30 12345-10	
Front Db Raise @20 1234-15		Rear delt @70 1234-12	Incline @45 1234-10	Ind Db ext @30 12345-10	
Db press @30 1234-12		Straight bar pulldown @120		Wide curl @22.5 12-10 345-8	
				Db ext @60 12-10 345-8	